[{"pk": 1, "model": "Laulutunkki.song", "fields": {"category": "a", "author": 2, "lyrics": "Ko-ko-ko-kosken-ko-ko-ko-korvaa,\r\nsiit\u00e4 aina kunnon r\u00e4-k\u00e4-k\u00e4-k\u00e4nnit saa.\r\nKo-ko-ko-kosken-ko-ko-ko-korvaa,\r\nsiit\u00e4 aina kunnon r\u00e4-k\u00e4-k\u00e4-k\u00e4nnit.\r\naina kunnon r\u00e4-k\u00e4-k\u00e4-k\u00e4nnit,\r\naina kunnon r\u00e4-k\u00e4-k\u00e4-k\u00e4nnit saa!\r\n\r\nLa-la-la-lappeen Ra-ra-ra-rantaan,\r\nsiell\u00e4 aina kunnon r\u00e4-k\u00e4-k\u00e4-k\u00e4nnit saa.\r\nLa-la-la-lappeen Ra-ra-ra-rantaan,\r\nsiell\u00e4 aina kunnon r\u00e4-k\u00e4-k\u00e4-k\u00e4nnit,\r\naina kunnon r\u00e4-k\u00e4-k\u00e4-k\u00e4nnit,\r\naina kunnon r\u00e4-k\u00e4-k\u00e4-k\u00e4nnit saa!\r\n\r\nWe-we-we-Westendinrantaan,\r\nsiell\u00e4 aina isin bemarissa saa.\r\nWe-we-we-Westendinrantaa,\r\nsiell\u00e4 aina isin bemarissa,\r\naina isin bemarissa,\r\naina isin bemarissa saa!\r\n\r\nTa-ta-ta-Tammerkoskenrantaan,\r\nsiell\u00e4 aina kunnon teini*krhm* saa.\r\nTa-ta-ta-Tammerkoskenrantaa,\r\nsiell\u00e4 aina kunnon teini*krhm*,\r\naina kunnon teini*krhm*,\r\naina kunnon teini*krhm* saa!", "title": "a", "other_info": "", "created": "2014-04-01T12:54:52.064Z", "extra_verses": "", "melody": "", "example": ""}}, {"pk": 2, "model": "Laulutunkki.song", "fields": {"category": "best", "author": 2, "lyrics": ":,: Minun juomani kossu on,\r\nvaikk' on viljaviinaa. :,:\r\n:,: Hei luulia illalla,\r\nvaikk' on viljaviinaa. :,:\r\n\r\n:,: Silm\u00e4t siit saan punaiset,\r\nsek\u00e4 kieronlaiset. :,:\r\n:,: Hei luulia illalla,\r\nsek\u00e4 kieronlaiset. :,:\r\n\r\n:,: Mullon r\u00e4k\u00e4 poskella,\r\nsek\u00e4 turpa t\u00e4ynn\u00e4. :,:\r\n:,: Hei luulia illalla,\r\nsek\u00e4 turpa t\u00e4ynn\u00e4. :,:\r\n\r\n:,: Kun min\u00e4 menen kapakkaan,\r\nniin portsaritkin nauraa. ;.;\r\n;.; Hei luulia hah hah haa,\r\nportsaritkin nauraa. ;.;", "title": "b", "other_info": "", "created": "2014-04-01T12:55:38.099Z", "extra_verses": "", "melody": "", "example": ""}}, {"pk": 3, "model": "Laulutunkki.song", "fields": {"category": "k\u00e4\u00e4nn\u00f6kset", "author": 4, "lyrics": "Dear friends, the party may begin,\r\nwe raise our glasses to the man of the hour.\r\n:,:We don't drink any light beers here,\r\nonly champagne can bring us joy.:,: \r\n\r\nWe shall pour drinks down our throats,\r\nand then remember the good, teekkari times\r\n:,:As our drinking songs go on,\r\nthe party spirit is at its best:,:", "title": "Hyv\u00e4t yst\u00e4v\u00e4t - Dear Friends (1)", "other_info": "asdfgfasdasd", "created": "2014-04-23T12:09:08.586Z", "extra_verses": "lets see where this appears", "melody": "whats going on in here", "example": ""}}, {"pk": 4, "model": "Laulutunkki.song", "fields": {"category": "k\u00e4\u00e4nn\u00f6kset", "author": 4, "lyrics": "Let us raise our glasses,\r\nWe have Koskenkorva\r\nLet the beer turn flat,\r\nA malt unworthy\r\n:,: Riemuella permits him to,\r\nSo Veikko drinks :,:\r\n\r\nBeer with its power\r\nExcites us.\r\nAlong with Koskenkorva\r\nRaises spirits\r\n:,: It brings consolation,\r\nSo Veikko drinks :,:", "title": "Nostakaamme malja \u2013 Let us raise our glasses (2)", "other_info": "", "created": "2014-04-23T12:10:40.855Z", "extra_verses": "", "melody": "", "example": ""}}, {"pk": 5, "model": "Laulutunkki.song", "fields": {"category": "k\u00e4\u00e4nn\u00f6kset", "author": 4, "lyrics": "Here's the first\r\nSing \"hopp faderallal lallall lei \"\r\nHere's the first\r\nSing \"hopp faderallal lallall lei \"\r\nHe who doesn't drink the first\r\nShall never, ever quench his thirst\r\nHere's the fiiiiiiiiiiiiiirst\r\n[Drink]\r\nSing \"hopp faderallal lallall lei \"", "title": "Helan G\u00e5r \u2013 First down (4)", "other_info": "", "created": "2014-04-23T12:11:32.586Z", "extra_verses": "", "melody": "", "example": ""}}, {"pk": 6, "model": "Laulutunkki.song", "fields": {"category": "k\u00e4\u00e4nn\u00f6kset", "author": 4, "lyrics": "Koskenkorva\r\nIt will always get you smashed.\r\nKoskenkorva\r\nIt will always get you smashed\r\nalways get you smashed\r\nalways get you smashed!\r\n\r\nLappeenranta\r\nYou'll always get smashed there.\r\nLappeenranta\r\nYou'll always get smashed there\r\nalways get smashed there\r\nalways get smashed there! ", "title": "Ko-ko-ko-koskenko-ko-ko-korvaa (6)", "other_info": "", "created": "2014-04-23T12:11:55.924Z", "extra_verses": "", "melody": "", "example": ""}}, {"pk": 7, "model": "Laulutunkki.song", "fields": {"category": "k\u00e4\u00e4nn\u00f6kset", "author": 4, "lyrics": "Let's sing about water,\r\nwhich we always have aplenty.\r\nNo matter how much you drink it,\r\nit will never run out.\r\nLittle-Aqu's thirst is great\r\nlike Pauli's and Antero's.\r\nAH, how great\r\nFresh water tastes\r\n\r\nAaaand water and water and water is so good\r\nso very very cheap,\r\nso healthy and so wet\r\n1, 2, 3, - WATER!\r\n\r\nWhat about in the morning\r\nYou are feeling great.\r\nYou carry buckets of water \r\nnext to your bed.\r\nEarly-morning hours in the toilet,\r\nYou think, fingers down your throat:\r\nAH, how great\r\nFresh water tastes\r\n\r\nAaaand water and water and water is so good\r\nso very very cheap,\r\nso healthy and so wet\r\n1, 2, 3, 4", "title": "Aqua vera (9)", "other_info": "", "created": "2014-04-23T12:12:20.664Z", "extra_verses": "", "melody": "", "example": ""}}, {"pk": 8, "model": "Laulutunkki.song", "fields": {"category": "k\u00e4\u00e4nn\u00f6kset", "author": 4, "lyrics": "More booze into my glass,\r\nMore glasses onto this table,\r\nMore tables to this party,\r\nMore parties for people.\r\nMore people for Finland,\r\nMore Finland all over the land,\r\nMore land for Finland,\r\nLet's march, let's march to Karjala, to Karlaja.", "title": "Internationalen \u2013 International (11)", "other_info": "", "created": "2014-04-23T12:12:48.921Z", "extra_verses": "", "melody": "", "example": ""}}, {"pk": 9, "model": "Laulutunkki.song", "fields": {"category": "k\u00e4\u00e4nn\u00f6kset", "author": 4, "lyrics": "The pope's life is wonderful,\r\nhe gets all the money people pay for pardons\r\n:,:he drinks the most expensive drinks\r\n- oh to be pope for a day. :,:\r\n\r\nBut, oh but, he can never taste\r\na young woman's lips\r\n:,: He goes to sleep alone every night\r\n- I wouldn't want to be a pope after all! :,:\r\n\r\nBut a sultan, he gets to party\r\nand lives in a harem\r\n:,: Amid beautiful women\r\n- I'd gladly be a sultan :,:\r\n\r\nBut no, he's got his problems too\r\nHe's bound by the Koran's rules.\r\n:,: He can't ever taste a drop of wine\r\n- I wouldn't want to be a sultan after all! :,:\r\n\r\nAlone I would want to be\r\nNeither pope nor sultan.\r\n:,: But I'd be happy to take turns\r\nbeing sometimes one and sometimes the other :,:\r\n\r\nGrant me a kiss, my lady\r\nI'm a sultan for a while\r\n:,:Hey, fellows, fill the cup\r\nas I become pope once more :,:", "title": "Paavi ja sulttaani \u2013 The Pope and the Sultan (13)", "other_info": "", "created": "2014-04-23T12:13:05.257Z", "extra_verses": "", "melody": "", "example": ""}}, {"pk": 10, "model": "Laulutunkki.song", "fields": {"category": "k\u00e4\u00e4nn\u00f6kset", "author": 4, "lyrics": "They days of our lives so unsober\r\nHave cast a fate hard on us all\r\n:,:When yesterday I came home hell it was today,\r\nToday I will arrive tomorrow:,: (TOMORROW)\r\n\r\nOh bloody hell, we\u2019ll pass out, won\u2019t get laid.\r\nBrothers, sisters please rush, come to aid\r\nWe seize the bar man\u2019s storage and won\u2019t let it slip,\r\nThe vodka bottle\u2019s empty with one sip. (WITH ONE SIP)\r\nWe seize the vodka bottle and won\u2019t let it slip\r\nThe bar man\u2019s storage\u2019s empty with one sip.\r\n(WITH ONE SIP)", "title": "Elomme p\u00e4iv\u00e4t ep\u00e4selv\u00e4t \u2013 The days of our lives (16)", "other_info": "", "created": "2014-04-23T12:14:31.892Z", "extra_verses": "", "melody": "", "example": ""}}, {"pk": 11, "model": "Laulutunkki.song", "fields": {"category": "k\u00e4\u00e4nn\u00f6kset", "author": 4, "lyrics": "When you can drink water,\r\nIt might save you\r\nYou won't get smashed\r\nYou won't start a drinking spree.\r\nWater is a treat,\r\nit moistens the throat.\r\nNo need to drink alcohol,\r\nNo way to screw up.\r\n\r\nYou feel fresh,\r\nThings won't get out of control.\r\nIn the morning\r\nYou won't have a hangover. ", "title": "Se kolmas vesilaulu \u2013 That third song about water (19)", "other_info": "", "created": "2014-04-23T12:14:48.694Z", "extra_verses": "", "melody": "", "example": ""}}, {"pk": 12, "model": "Laulutunkki.song", "fields": {"category": "k\u00e4\u00e4nn\u00f6kset", "author": 4, "lyrics": "Who feels like paying,\r\nwho has money?\r\nWho has lots of coins\r\nthat we can drink away?", "title": "Wer Soll \u2013 Who must (20)", "other_info": "", "created": "2014-04-23T12:15:08.778Z", "extra_verses": "", "melody": "", "example": ""}}, {"pk": 13, "model": "Laulutunkki.song", "fields": {"category": "k\u00e4\u00e4nn\u00f6kset", "author": 4, "lyrics": "I would take some Karhu vodka,\r\nif I could only get some.\r\n:,: I'd drink the whole bottle\r\nand then throw up. :,:\r\n\r\nTiu-tau-tiu-tau-tili-tali-tittan,\r\nlet's drink rum with coke.\r\n:,: When we have drank everything,\r\nwe'll be totally wasted. :,:\r\n\r\nI don't think mother will take\r\nany Karhu vodka,\r\n:,: she doesn't even believe that\r\nKarhu vodka is real. :,:\r\n\r\nTiu-tau-tiu-tau-tili-tali-tittan,\r\nlet's drink Koskenkorva with vichy.\r\n:,: When we have drank everything,\r\nwe'll be totally wasted. :,:", "title": "Karhu-viinaa - Karhu (\u201dbear\u201d) vodka (21)", "other_info": "", "created": "2014-04-23T12:15:42.627Z", "extra_verses": "", "melody": "", "example": ""}}, {"pk": 14, "model": "Laulutunkki.song", "fields": {"category": "k\u00e4\u00e4nn\u00f6kset", "author": 4, "lyrics": "If your missus forbids you from drinking,\r\nthen drink, then drink\r\nIf she forbids you from bringing liquors,\r\nthen bring them, then bring them,\r\nBut don't you ever stop drinking,\r\njust get yourself a better woman\r\nAnd drink and sing, and drink and sing,\r\nand drink and sing, and drink and sing...\r\n\r\n(from German)\r\nDrink, drink, brother drink\r\nleave your worries at home\r\ndrink, drink, brother drink\r\nempty your glass with me\r\nAvoid the heartache, avoid the pain\r\nThen life is good\r\nTo dear Augustin\r\nBuy yourself a car and drive into a tree\r\nThat's when life is a dream.\r\n\r\nOfficers fight wars\r\nand drink, and drink,\r\nand taste spirits in tents,\r\nand drink, and drink.\r\nWhen battle goes on, the guns are blazing\r\nAnd the officers take a swig,\r\nand drink, and sing \u2026\r\n\r\nTeachers teach in the schools,\r\nand drink, and drink,\r\nand in the evening, end their lessons,\r\nand drink, and drink.\r\nDuring the day they teach German and math\r\nthen in the street in the evening they BELLOW AND THUNDER\r\nand drink, and sing...", "title": "Jos eukkosi kielt\u00e4\u00e4 sua juomasta \u2013 If your missus forbids you from drinking (25)", "other_info": "", "created": "2014-04-23T12:17:31.684Z", "extra_verses": "", "melody": "", "example": ""}}, {"pk": 15, "model": "Laulutunkki.song", "fields": {"category": "k\u00e4\u00e4nn\u00f6kset", "author": 4, "lyrics": "Two journeymen traveled\r\nSinging on the highway.\r\nAnd in their song they brought out\r\nA noble thought:\r\n\u201cIf all the lakes in Finland\r\nturned into liquor,\r\nthen wouldn't our lives\r\nbe worth living?\u201d - Oh yes!\r\n\r\n:,: Beer, beer,\r\nBeer beer beer beer beer:,:\r\n\r\nOn the shore of Lake Liquor\r\nwe'd build a cottage\r\nand on its sweet waves\r\nwe'd row night and day.\r\nAnd we'd drink only liquor\r\nIn liquor we would swim\r\nOh couldn't you just\r\nCompare this to Eden \u2013 Oh yes!\r\n\r\n:,: Beer, beer,\r\nBeer beer beer beer beer:,:\r\n\r\nIf a cure\r\nTo hangovers is never found\r\nThen in the arms of Lake Liquor\r\nWe'd jump to go die\r\nAnd we'd drink only liquor\r\nIn liquor we would swim\r\nOh couldn't you just\r\nCompare this to Eden \u2013 Oh yes!\r\n\r\n:,: Beer, beer,\r\nBeer beer beer beer beer:,:", "title": "Kaks' kis\u00e4lli\u00e4 \u2013 Two journeymen (26)", "other_info": "", "created": "2014-04-23T12:18:24.830Z", "extra_verses": "", "melody": "", "example": ""}}, {"pk": 16, "model": "Laulutunkki.song", "fields": {"category": "k\u00e4\u00e4nn\u00f6kset", "author": 4, "lyrics": "In France they drink wine,\r\nIn Germany beer, in Russia vodka.\r\nIn Finland they drink everything,\r\nSo let's raise a glass to that.", "title": "Eurovision (27)", "other_info": "", "created": "2014-04-23T12:19:32.522Z", "extra_verses": "", "melody": "", "example": ""}}, {"pk": 17, "model": "Laulutunkki.song", "fields": {"category": "k\u00e4\u00e4nn\u00f6kset", "author": 4, "lyrics": "Don't you even dare suggest that we would drink\r\nThat hell-brought alcohol here,\r\nNo matter whose breath you would smell,\r\nIt would be fresh.\r\n\r\nHooray to us, the young water-boys\r\nour heads are always clear\r\nhangovers never near.\r\nHooray to us, the young water-boys,\r\nand to our sober nature.\r\n\r\nWhen you live meekly as we do,\r\nCalmly by yourself,\r\nYour nose stuck in your book.\r\nWe vigorously spit in our glass,\r\nThere is no greater joy.\r\n\r\nHooray to us...\r\n\r\nDevil take those\r\nThat demonstrate their gluttony\r\nWhen they get drunk.\r\nThings like that will cause society's downfall\r\nand bring culture to ruin.\r\n\r\nHooray to us...", "title": "Vesipoikien marssi \u2013 The water-boys' march (29)", "other_info": "", "created": "2014-04-23T12:19:55.001Z", "extra_verses": "", "melody": "", "example": ""}}, {"pk": 18, "model": "Laulutunkki.song", "fields": {"category": "k\u00e4\u00e4nn\u00f6kset", "author": 4, "lyrics": "I was once young and happy\r\nI had money and a faithful wife\r\nBut I ended up in that skank's party\r\nNow I hum and smoke tobacco\r\n\r\n\r\nTobacco, whisky and wild women\r\n they will ruin you, they will take your sanity\r\nTobacco, whisky and wild women\r\n they will ruin you, they will take your sanity\r\n\r\nI'm a miserable and broken outcast, oh\r\nyou can see it in my face\r\nJust this last story I'll tell,\r\nwhat became of whisky and women\r\n\r\n Tobacco, whisky ...\r\n\r\nFor several years I drank whisky,\r\nand in the bosoms of women I had joys.\r\nBut when I lit a cigarette,\r\nmy heart started pounding strangely.\r\n\r\n Tobacco, whisky ...\r\n\r\nThus write on my gravestone:\r\nBecause of whisky and women he rests here\r\nDear friends, take note\r\nthis happens to all who hum and drink.\r\n\r\n Tobacco, whisky ...", "title": "Tupakka, viski ja willit naiset \u2013 Tobacco, whisky and wild women (30)", "other_info": "", "created": "2014-04-23T12:20:22.845Z", "extra_verses": "", "melody": "", "example": ""}}, {"pk": 19, "model": "Laulutunkki.song", "fields": {"category": "k\u00e4\u00e4nn\u00f6kset", "author": 4, "lyrics": "My motherland is great and beautiful,\r\nthe land of forests, mountains, lakes.\r\n:,: I know no other country,\r\nas free as mine. :,:\r\n\r\nFrom Moscow to our borders,\r\nfrom the south to the north.\r\n:,: The citizens are rulers\r\nof their inmeasurable motherland. :,:\r\n\r\nThe level of culture is high,\r\nthe inventions prove that:\r\n:,: there's a library in every kolkhoz\r\na few can already read. :,:\r\n\r\nWe have many universities,\r\nmany students in them.\r\n:,: Studying is easy,\r\nas long as you know if it's njet or da. :,:\r\n\r\nWe're rulers of the space,\r\na dead dog goes around the world.\r\n:,: Technology is easy,\r\nif only we could make the Moskvitch work. :,:\r\n\r\nWe breed cows,\r\nwe raise shrimps.\r\n:,: Salmonella is always a problem,\r\nbut we'll defeat it with vodka. :,:\r\n\r\nCommunism is an almighty ideology,\r\nit spreads across the world.\r\n:,: We always appreciate freedom,\r\nthat's why we take it from the others. :,:", "title": "Moskovalaisen ylioppilaan laulu - The song of a student from Moscow (31)", "other_info": "", "created": "2014-04-23T12:20:50.573Z", "extra_verses": "", "melody": "", "example": ""}}, {"pk": 20, "model": "Laulutunkki.song", "fields": {"category": "k\u00e4\u00e4nn\u00f6kset", "author": 4, "lyrics": "An unbreakable union of free republics,\r\nThe Great Russia has welded forever to stand!\r\nLong live the creation of the will of the people,\r\nThe united, mighty Soviet Union!\r\n\r\nCHORUS: \r\nBe glorious, our free motherland, \r\nA reliable stronghold of peoples' friendship! \r\nThe Party of Lenin, the strength of the people, \r\nLeads us to the triumph of Communism! \r\nThrough tempests the sun of freedom shone to us,\r\nAnd the great Lenin illuminated our path,\r\nTo a just cause he raised up the peoples,\r\nTo labour and heroic deeds he inspired us!\r\n\r\nCHORUS \r\n\r\nIn the victory of the immortal ideas of Communism\r\nWe see the future of our country,\r\nAnd to the Red Banner of our glorious Motherland\r\nWe shall always be selflessly true!\r\n\r\nCHORUS ", "title": "Neuvostoliiton hymni \u2013 National anthem of the Soviet Union (32)", "other_info": "", "created": "2014-04-23T12:21:38.419Z", "extra_verses": "", "melody": "", "example": ""}}, {"pk": 21, "model": "Laulutunkki.song", "fields": {"category": "k\u00e4\u00e4nn\u00f6kset", "author": 4, "lyrics": "Uncle Lenin lives in Russia\r\nIt's a long way from there to Vietnam\r\nBut to me it feels like\r\nUncle Lenin lives as close\r\nas uncle Ho Tshi Minh\r\n\r\nLenin has such a big forehead\r\nthat it can fit the whole Earth and heaven too\r\nAnd uncle Lenin smiles\r\nand his eyes twinkle and he laughs\r\nlike uncle Ho Tshi Minh\r\n\r\nUncle Lenin lives in Russia\r\nI'll invite him to visit Vietnam\r\nHe loves us\r\nHe's just as sweet to us\r\nas uncle Ho Tshi Minh\r\n\r\nI'm just a little pioneer\r\nMy strength is still small\r\nBut a little one can fight too\r\nFor the peace like Lenin\r\nand uncle Ho Tshi Minh\r\nFor the peace like Lenin\r\nand uncle Ho Tshi Minh", "title": "Lenin-set\u00e4 \u2013 Uncle Lenin (33)", "other_info": "", "created": "2014-04-23T12:21:58.215Z", "extra_verses": "", "melody": "", "example": ""}}, {"pk": 22, "model": "Laulutunkki.song", "fields": {"category": "k\u00e4\u00e4nn\u00f6kset", "author": 4, "lyrics": ":,: The cottage of Servi's Maija \r\non a high hill, :,:\r\nthe lords go there on a horse, \r\nthe lords go there on a horse,\r\nthe lords go there on a horse,\r\nthe common people have to walk,\r\nthe common people have to walk.\r\n\r\n:,: Servi's Maija's kids were \r\nrelated to monkeys, :,:\r\nthey were in the trees and they were on the ground,\r\nthey were in the trees and they were on the ground,\r\nthey were in the trees and they were on the ground,\r\nand they were innumerable,\r\nand they were innuberable.\r\n\r\n:,: Servi's Maija makes coffee \r\nin an old boot. :,:\r\nShe did have a pot,\r\nshe did have a pot,\r\nshe did have a pot,\r\nbut it was in a pawn shop,\r\nbut it was in a pawn shop.\r\n\r\n:,: Hindu and bamboo and banana are \r\nsouthern fruits, :,:\r\nand they can't be compared,\r\nand they can't be compared,\r\nand they can't be compared\r\nto potato and herring,\r\nto potato and herring.", "title": "Servin Maijan m\u00f6kki - The cottage of Servi's Maija (37)", "other_info": "", "created": "2014-04-23T12:22:17.662Z", "extra_verses": "", "melody": "", "example": ""}}, {"pk": 23, "model": "Laulutunkki.song", "fields": {"category": "k\u00e4\u00e4nn\u00f6kset", "author": 4, "lyrics": "On an island of lake Saimaa, at a small cottage's steps\r\nCultist Miikkulainen is making a sacrifice,\r\nBut only a seal breaks the surface of the lake\r\nWhich is disappointing.\r\nUnder the waves it followed the call\r\nOf a sermon so familiar.\r\nThe song tells of what happens when you are alone,\r\nTo which the seal can relate well.\r\n\r\nHeads are no longer sacrificed to Cthulhu,\r\nThe world is modernized.\r\nThe man and the seal are both\r\nMustached relics\r\n\r\nOn an island of lake Saimaa, at a small cottage,\r\nThe cult of the Ancients didn't want to stay.\r\nOne cultist was left alone, like the seal,\r\nAnd fate took its master away.\r\nOnly one hundred seals are left in the great lake Saimaa,\r\nSoon there might not be a single one.\r\nMikkulainen is sharpening the sacrificial knife.\r\nA terrible thought in his mind\r\n\r\n\r\nHeads are no longer ...\r\n\r\nOn island of lake Saimaa, at a small cottage\r\ncultist Miikkulainen is screaming his spells.\r\nOn the sacrificial rock, a lifeless seal\r\nIs already getting cold.\r\nFrom below the waves of great Saimaa,\r\nAn ancient tentacled horror rises\r\nAn so, Miikkulainen's fate is just as the seal's\r\nto be the last of their line.\r\n\r\nFinally heads are sacrificed to Cthulhu,\r\nThe Ancient has returned to the world.\r\nThe man and seal are now both\r\nFools eaten for lunch", "title": "Muinaisten valssi \u2013 Waltz of the Ancients (44)", "other_info": "", "created": "2014-04-23T12:22:39.525Z", "extra_verses": "", "melody": "", "example": ""}}, {"pk": 24, "model": "Laulutunkki.song", "fields": {"category": "k\u00e4\u00e4nn\u00f6kset", "author": 4, "lyrics": "As the winter evenings get darker,\r\nwe come to the refuge of Poli (polytechnic) again,\r\n:,:Our technology left us behind,\r\nwe want to forget that.:,:\r\n\r\nOur master thesis is a dream,\r\nevery exam has expired,\r\n:,:our old, unused compass sits rusted,\r\nour ink has hardened in its bottle.:,:\r\n\r\nAlways we watch new teekkari generations\r\npass by our table,\r\n:,:But we no longer have the strength\r\nto join their ranks.:,:\r\n\r\nThe wine in our glasses mocks us,\r\ninviting with its froth.\r\n:,:Our troubles will disappear,\r\nget wasted no matter the cost.:,:\r\n\r\n(standing up)\r\nAnd when Integer vitae\r\nis sung to us for the last time.\r\n:,:A beer barrel will be raised\r\nTo the grave of the eternal Teekkari.:,:", "title": "Ikuisen teekkarin laulu \u2013 Song of the eternal teekkari (46)", "other_info": "", "created": "2014-04-23T12:23:04.091Z", "extra_verses": "", "melody": "", "example": ""}}, {"pk": 25, "model": "Laulutunkki.song", "fields": {"category": "k\u00e4\u00e4nn\u00f6kset", "author": 4, "lyrics": "I wanna be the very best\r\nLike no one ever was\r\nTo catch them is my real test\r\nTo train them is my cause\r\n\r\nI will travel across the land\r\nSearching far and wide\r\nTeach Pok\u00e9mon to understand[1]\r\nThe power that's inside\r\n\r\nPok\u00e9mon (Gotta catch 'em all), it's you and me\r\nI know it's my destiny\r\n(Pok\u00e9mon!)\r\nooh, you're my best friend\r\nIn a world we must defend\r\nPok\u00e9mon (Gotta catch 'em all), a heart so true\r\nOur courage will pull us through\r\nYou teach me, and I'll teach you\r\nPo-k\u00e9-mon\r\n(Gotta catch 'em all!)\r\nGotta catch 'em all!\r\nPok\u00e9mon!", "title": "Kaikki ker\u00e4t\u00e4\u00e4n - Pokemon theme (22)", "other_info": "", "created": "2014-04-23T12:26:00.594Z", "extra_verses": "", "melody": "", "example": ""}}, {"pk": 26, "model": "Laulutunkki.song", "fields": {"category": "script", "author": 2, "lyrics": "asdf", "title": "<script> alert(\"asdf\"); <\\script>", "other_info": "", "created": "2014-05-04T14:22:55.472Z", "extra_verses": "", "melody": "", "example": ""}}, {"pk": 1, "model": "Laulutunkki.songlike", "fields": {"created": "2014-05-04T18:25:26.999Z", "user": 5, "value": true, "song": 24}}, {"pk": 2, "model": "Laulutunkki.booklet", "fields": {"front_page_image": "http://niksula.hut.fi/~heikkil2/l%C3%A4sylista.jpg", "previous_version": null, "pdf_file": "booklet_pdfs/Wappusitsi201404231630.pdf", "author": 4, "created": "2014-04-23T12:32:01.045Z", "title": "Wappusitsit International", "front_page_text": "Not for singing! Sing along to the Finnish ones. \\newline The song number in the Finnish songbook is in parentheses"}}, {"pk": 4, "model": "Laulutunkki.booklet", "fields": {"front_page_image": "http://niksula.hut.fi/~heikkil2/l%C3%A4sylista.jpg", "previous_version": 2, "pdf_file": "booklet_pdfs/Wappusitsi201405030005_1.pdf", "author": 2, "created": "2014-05-02T21:05:40.508Z", "title": "Wappusitsit International", "front_page_text": "Not for singing! Sing along to the Finnish ones. \\newline The song number in the Finnish songbook is in parentheses"}}, {"pk": 5, "model": "Laulutunkki.booklet", "fields": {"front_page_image": "http://niksula.hut.fi/~heikkil2/l%C3%A4sylista.jpg", "previous_version": 2, "pdf_file": "", "author": 2, "created": "2014-05-04T15:34:21.875Z", "title": "Wappusitsit International test", "front_page_text": "Not for singing! Sing along to the Finnish ones. \\newline The song number in the Finnish songbook is in parentheses"}}, {"pk": 6, "model": "Laulutunkki.booklet", "fields": {"front_page_image": "http://niksula.hut.fi/~heikkil2/l%C3%A4sylista.jpg", "previous_version": 2, "pdf_file": "booklet_pdfs/Wappusitsi201405041929.pdf", "author": 3, "created": "2014-05-04T16:29:26.341Z", "title": "Wappusitsit International testi", "front_page_text": "1Not for singing! Sing along to the Finnish ones. \\newline The song number in the Finnish songbook is in parentheses"}}, {"pk": 2, "model": "Laulutunkki.bookletpage", "fields": {"booklet": 2, "page_number": 0}}, {"pk": 3, "model": "Laulutunkki.bookletpage", "fields": {"booklet": 2, "page_number": 1}}, {"pk": 4, "model": "Laulutunkki.bookletpage", "fields": {"booklet": 2, "page_number": 2}}, {"pk": 5, "model": "Laulutunkki.bookletpage", "fields": {"booklet": 2, "page_number": 3}}, {"pk": 6, "model": "Laulutunkki.bookletpage", "fields": {"booklet": 2, "page_number": 4}}, {"pk": 7, "model": "Laulutunkki.bookletpage", "fields": {"booklet": 2, "page_number": 5}}, {"pk": 8, "model": "Laulutunkki.bookletpage", "fields": {"booklet": 2, "page_number": 6}}, {"pk": 9, "model": "Laulutunkki.bookletpage", "fields": {"booklet": 2, "page_number": 7}}, {"pk": 10, "model": "Laulutunkki.bookletpage", "fields": {"booklet": 2, "page_number": 8}}, {"pk": 21, "model": "Laulutunkki.bookletpage", "fields": {"booklet": 4, "page_number": 0}}, {"pk": 22, "model": "Laulutunkki.bookletpage", "fields": {"booklet": 4, "page_number": 1}}, {"pk": 23, "model": "Laulutunkki.bookletpage", "fields": {"booklet": 4, "page_number": 2}}, {"pk": 24, "model": "Laulutunkki.bookletpage", "fields": {"booklet": 4, "page_number": 3}}, {"pk": 25, "model": "Laulutunkki.bookletpage", "fields": {"booklet": 4, "page_number": 4}}, {"pk": 26, "model": "Laulutunkki.bookletpage", "fields": {"booklet": 4, "page_number": 5}}, {"pk": 27, "model": "Laulutunkki.bookletpage", "fields": {"booklet": 4, "page_number": 6}}, {"pk": 28, "model": "Laulutunkki.bookletpage", "fields": {"booklet": 4, "page_number": 7}}, {"pk": 29, "model": "Laulutunkki.bookletpage", "fields": {"booklet": 4, "page_number": 8}}, {"pk": 30, "model": "Laulutunkki.bookletpage", "fields": {"booklet": 4, "page_number": 9}}, {"pk": 42, "model": "Laulutunkki.bookletpage", "fields": {"booklet": 5, "page_number": 0}}, {"pk": 43, "model": "Laulutunkki.bookletpage", "fields": {"booklet": 5, "page_number": 1}}, {"pk": 44, "model": "Laulutunkki.bookletpage", "fields": {"booklet": 5, "page_number": 2}}, {"pk": 45, "model": "Laulutunkki.bookletpage", "fields": {"booklet": 5, "page_number": 3}}, {"pk": 46, "model": "Laulutunkki.bookletpage", "fields": {"booklet": 5, "page_number": 4}}, {"pk": 47, "model": "Laulutunkki.bookletpage", "fields": {"booklet": 5, "page_number": 5}}, {"pk": 48, "model": "Laulutunkki.bookletpage", "fields": {"booklet": 5, "page_number": 6}}, {"pk": 49, "model": "Laulutunkki.bookletpage", "fields": {"booklet": 5, "page_number": 7}}, {"pk": 50, "model": "Laulutunkki.bookletpage", "fields": {"booklet": 5, "page_number": 8}}, {"pk": 51, "model": "Laulutunkki.bookletpage", "fields": {"booklet": 5, "page_number": 9}}, {"pk": 52, "model": "Laulutunkki.bookletpage", "fields": {"booklet": 5, "page_number": 10}}, {"pk": 53, "model": "Laulutunkki.bookletpage", "fields": {"booklet": 6, "page_number": 0}}, {"pk": 54, "model": "Laulutunkki.bookletpage", "fields": {"booklet": 6, "page_number": 1}}, {"pk": 55, "model": "Laulutunkki.bookletpage", "fields": {"booklet": 6, "page_number": 2}}, {"pk": 56, "model": "Laulutunkki.bookletpage", "fields": {"booklet": 6, "page_number": 3}}, {"pk": 57, "model": "Laulutunkki.bookletpage", "fields": {"booklet": 6, "page_number": 4}}, {"pk": 58, "model": "Laulutunkki.bookletpage", "fields": {"booklet": 6, "page_number": 5}}, {"pk": 59, "model": "Laulutunkki.bookletpage", "fields": {"booklet": 6, "page_number": 6}}, {"pk": 60, "model": "Laulutunkki.bookletpage", "fields": {"booklet": 6, "page_number": 7}}, {"pk": 61, "model": "Laulutunkki.bookletpage", "fields": {"booklet": 6, "page_number": 8}}, {"pk": 62, "model": "Laulutunkki.bookletpage", "fields": {"booklet": 6, "page_number": 9}}, {"pk": 63, "model": "Laulutunkki.bookletpage", "fields": {"booklet": 6, "page_number": 10}}, {"pk": 3, "model": "Laulutunkki.bookletsong", "fields": {"booklet_page": 2, "order_no": 0, "song": 3}}, {"pk": 4, "model": "Laulutunkki.bookletsong", "fields": {"booklet_page": 2, "order_no": 1, "song": 4}}, {"pk": 5, "model": "Laulutunkki.bookletsong", "fields": {"booklet_page": 2, "order_no": 2, "song": 5}}, {"pk": 6, "model": "Laulutunkki.bookletsong", "fields": {"booklet_page": 2, "order_no": 3, "song": 6}}, {"pk": 7, "model": "Laulutunkki.bookletsong", "fields": {"booklet_page": 3, "order_no": 0, "song": 7}}, {"pk": 8, "model": "Laulutunkki.bookletsong", "fields": {"booklet_page": 3, "order_no": 1, "song": 8}}, {"pk": 9, "model": "Laulutunkki.bookletsong", "fields": {"booklet_page": 3, "order_no": 2, "song": 9}}, {"pk": 10, "model": "Laulutunkki.bookletsong", "fields": {"booklet_page": 4, "order_no": 0, "song": 10}}, {"pk": 11, "model": "Laulutunkki.bookletsong", "fields": {"booklet_page": 4, "order_no": 1, "song": 11}}, {"pk": 12, "model": "Laulutunkki.bookletsong", "fields": {"booklet_page": 4, "order_no": 2, "song": 12}}, {"pk": 13, "model": "Laulutunkki.bookletsong", "fields": {"booklet_page": 4, "order_no": 3, "song": 13}}, {"pk": 14, "model": "Laulutunkki.bookletsong", "fields": {"booklet_page": 5, "order_no": 0, "song": 25}}, {"pk": 15, "model": "Laulutunkki.bookletsong", "fields": {"booklet_page": 5, "order_no": 1, "song": 14}}, {"pk": 16, "model": "Laulutunkki.bookletsong", "fields": {"booklet_page": 6, "order_no": 0, "song": 15}}, {"pk": 17, "model": "Laulutunkki.bookletsong", "fields": {"booklet_page": 6, "order_no": 1, "song": 16}}, {"pk": 18, "model": "Laulutunkki.bookletsong", "fields": {"booklet_page": 7, "order_no": 0, "song": 17}}, {"pk": 19, "model": "Laulutunkki.bookletsong", "fields": {"booklet_page": 7, "order_no": 1, "song": 18}}, {"pk": 20, "model": "Laulutunkki.bookletsong", "fields": {"booklet_page": 8, "order_no": 0, "song": 19}}, {"pk": 21, "model": "Laulutunkki.bookletsong", "fields": {"booklet_page": 8, "order_no": 1, "song": 20}}, {"pk": 22, "model": "Laulutunkki.bookletsong", "fields": {"booklet_page": 9, "order_no": 0, "song": 21}}, {"pk": 23, "model": "Laulutunkki.bookletsong", "fields": {"booklet_page": 9, "order_no": 1, "song": 22}}, {"pk": 24, "model": "Laulutunkki.bookletsong", "fields": {"booklet_page": 10, "order_no": 0, "song": 23}}, {"pk": 25, "model": "Laulutunkki.bookletsong", "fields": {"booklet_page": 10, "order_no": 1, "song": 24}}, {"pk": 49, "model": "Laulutunkki.bookletsong", "fields": {"booklet_page": 21, "order_no": 0, "song": 3}}, {"pk": 50, "model": "Laulutunkki.bookletsong", "fields": {"booklet_page": 21, "order_no": 1, "song": 4}}, {"pk": 51, "model": "Laulutunkki.bookletsong", "fields": {"booklet_page": 21, "order_no": 2, "song": 5}}, {"pk": 52, "model": "Laulutunkki.bookletsong", "fields": {"booklet_page": 21, "order_no": 3, "song": 6}}, {"pk": 53, "model": "Laulutunkki.bookletsong", "fields": {"booklet_page": 22, "order_no": 0, "song": 7}}, {"pk": 54, "model": "Laulutunkki.bookletsong", "fields": {"booklet_page": 22, "order_no": 1, "song": 8}}, {"pk": 55, "model": "Laulutunkki.bookletsong", "fields": {"booklet_page": 23, "order_no": 0, "song": 9}}, {"pk": 56, "model": "Laulutunkki.bookletsong", "fields": {"booklet_page": 23, "order_no": 1, "song": 10}}, {"pk": 57, "model": "Laulutunkki.bookletsong", "fields": {"booklet_page": 23, "order_no": 2, "song": 11}}, {"pk": 58, "model": "Laulutunkki.bookletsong", "fields": {"booklet_page": 23, "order_no": 3, "song": 12}}, {"pk": 59, "model": "Laulutunkki.bookletsong", "fields": {"booklet_page": 24, "order_no": 0, "song": 13}}, {"pk": 60, "model": "Laulutunkki.bookletsong", "fields": {"booklet_page": 24, "order_no": 1, "song": 25}}, {"pk": 61, "model": "Laulutunkki.bookletsong", "fields": {"booklet_page": 25, "order_no": 0, "song": 14}}, {"pk": 62, "model": "Laulutunkki.bookletsong", "fields": {"booklet_page": 26, "order_no": 0, "song": 15}}, {"pk": 63, "model": "Laulutunkki.bookletsong", "fields": {"booklet_page": 26, "order_no": 1, "song": 16}}, {"pk": 64, "model": "Laulutunkki.bookletsong", "fields": {"booklet_page": 27, "order_no": 0, "song": 17}}, {"pk": 65, "model": "Laulutunkki.bookletsong", "fields": {"booklet_page": 27, "order_no": 1, "song": 18}}, {"pk": 66, "model": "Laulutunkki.bookletsong", "fields": {"booklet_page": 28, "order_no": 0, "song": 19}}, {"pk": 67, "model": "Laulutunkki.bookletsong", "fields": {"booklet_page": 28, "order_no": 1, "song": 20}}, {"pk": 68, "model": "Laulutunkki.bookletsong", "fields": {"booklet_page": 29, "order_no": 0, "song": 21}}, {"pk": 69, "model": "Laulutunkki.bookletsong", "fields": {"booklet_page": 29, "order_no": 1, "song": 22}}, {"pk": 70, "model": "Laulutunkki.bookletsong", "fields": {"booklet_page": 30, "order_no": 0, "song": 23}}, {"pk": 71, "model": "Laulutunkki.bookletsong", "fields": {"booklet_page": 30, "order_no": 1, "song": 24}}, {"pk": 95, "model": "Laulutunkki.bookletsong", "fields": {"booklet_page": 42, "order_no": 0, "song": 3}}, {"pk": 96, "model": "Laulutunkki.bookletsong", "fields": {"booklet_page": 42, "order_no": 1, "song": 4}}, {"pk": 97, "model": "Laulutunkki.bookletsong", "fields": {"booklet_page": 42, "order_no": 2, "song": 5}}, {"pk": 98, "model": "Laulutunkki.bookletsong", "fields": {"booklet_page": 42, "order_no": 3, "song": 6}}, {"pk": 99, "model": "Laulutunkki.bookletsong", "fields": {"booklet_page": 43, "order_no": 0, "song": 7}}, {"pk": 100, "model": "Laulutunkki.bookletsong", "fields": {"booklet_page": 43, "order_no": 1, "song": 8}}, {"pk": 101, "model": "Laulutunkki.bookletsong", "fields": {"booklet_page": 44, "order_no": 0, "song": 9}}, {"pk": 102, "model": "Laulutunkki.bookletsong", "fields": {"booklet_page": 44, "order_no": 1, "song": 10}}, {"pk": 103, "model": "Laulutunkki.bookletsong", "fields": {"booklet_page": 44, "order_no": 2, "song": 12}}, {"pk": 104, "model": "Laulutunkki.bookletsong", "fields": {"booklet_page": 45, "order_no": 0, "song": 13}}, {"pk": 105, "model": "Laulutunkki.bookletsong", "fields": {"booklet_page": 45, "order_no": 1, "song": 25}}, {"pk": 106, "model": "Laulutunkki.bookletsong", "fields": {"booklet_page": 46, "order_no": 0, "song": 14}}, {"pk": 107, "model": "Laulutunkki.bookletsong", "fields": {"booklet_page": 47, "order_no": 0, "song": 15}}, {"pk": 108, "model": "Laulutunkki.bookletsong", "fields": {"booklet_page": 47, "order_no": 1, "song": 16}}, {"pk": 109, "model": "Laulutunkki.bookletsong", "fields": {"booklet_page": 48, "order_no": 0, "song": 17}}, {"pk": 110, "model": "Laulutunkki.bookletsong", "fields": {"booklet_page": 48, "order_no": 1, "song": 18}}, {"pk": 111, "model": "Laulutunkki.bookletsong", "fields": {"booklet_page": 49, "order_no": 0, "song": 19}}, {"pk": 112, "model": "Laulutunkki.bookletsong", "fields": {"booklet_page": 49, "order_no": 1, "song": 20}}, {"pk": 113, "model": "Laulutunkki.bookletsong", "fields": {"booklet_page": 50, "order_no": 0, "song": 21}}, {"pk": 114, "model": "Laulutunkki.bookletsong", "fields": {"booklet_page": 50, "order_no": 1, "song": 22}}, {"pk": 115, "model": "Laulutunkki.bookletsong", "fields": {"booklet_page": 51, "order_no": 0, "song": 23}}, {"pk": 116, "model": "Laulutunkki.bookletsong", "fields": {"booklet_page": 52, "order_no": 0, "song": 24}}, {"pk": 117, "model": "Laulutunkki.bookletsong", "fields": {"booklet_page": 53, "order_no": 0, "song": 3}}, {"pk": 118, "model": "Laulutunkki.bookletsong", "fields": {"booklet_page": 53, "order_no": 1, "song": 4}}, {"pk": 119, "model": "Laulutunkki.bookletsong", "fields": {"booklet_page": 53, "order_no": 2, "song": 5}}, {"pk": 120, "model": "Laulutunkki.bookletsong", "fields": {"booklet_page": 53, "order_no": 3, "song": 6}}, {"pk": 121, "model": "Laulutunkki.bookletsong", "fields": {"booklet_page": 54, "order_no": 0, "song": 7}}, {"pk": 122, "model": "Laulutunkki.bookletsong", "fields": {"booklet_page": 54, "order_no": 1, "song": 8}}, {"pk": 123, "model": "Laulutunkki.bookletsong", "fields": {"booklet_page": 55, "order_no": 0, "song": 9}}, {"pk": 124, "model": "Laulutunkki.bookletsong", "fields": {"booklet_page": 55, "order_no": 1, "song": 10}}, {"pk": 125, "model": "Laulutunkki.bookletsong", "fields": {"booklet_page": 55, "order_no": 2, "song": 11}}, {"pk": 126, "model": "Laulutunkki.bookletsong", "fields": {"booklet_page": 56, "order_no": 0, "song": 12}}, {"pk": 127, "model": "Laulutunkki.bookletsong", "fields": {"booklet_page": 56, "order_no": 1, "song": 13}}, {"pk": 128, "model": "Laulutunkki.bookletsong", "fields": {"booklet_page": 56, "order_no": 2, "song": 25}}, {"pk": 129, "model": "Laulutunkki.bookletsong", "fields": {"booklet_page": 57, "order_no": 0, "song": 14}}, {"pk": 130, "model": "Laulutunkki.bookletsong", "fields": {"booklet_page": 58, "order_no": 0, "song": 15}}, {"pk": 131, "model": "Laulutunkki.bookletsong", "fields": {"booklet_page": 58, "order_no": 1, "song": 16}}, {"pk": 132, "model": "Laulutunkki.bookletsong", "fields": {"booklet_page": 59, "order_no": 0, "song": 17}}, {"pk": 133, "model": "Laulutunkki.bookletsong", "fields": {"booklet_page": 59, "order_no": 1, "song": 18}}, {"pk": 134, "model": "Laulutunkki.bookletsong", "fields": {"booklet_page": 60, "order_no": 0, "song": 19}}, {"pk": 135, "model": "Laulutunkki.bookletsong", "fields": {"booklet_page": 60, "order_no": 1, "song": 20}}, {"pk": 136, "model": "Laulutunkki.bookletsong", "fields": {"booklet_page": 61, "order_no": 0, "song": 21}}, {"pk": 137, "model": "Laulutunkki.bookletsong", "fields": {"booklet_page": 61, "order_no": 1, "song": 22}}, {"pk": 138, "model": "Laulutunkki.bookletsong", "fields": {"booklet_page": 62, "order_no": 0, "song": 23}}, {"pk": 139, "model": "Laulutunkki.bookletsong", "fields": {"booklet_page": 63, "order_no": 0, "song": 24}}, {"pk": 1, "model": "Laulutunkki.userprofile", "fields": {"first_name": "", "last_name": "", "created": "2014-04-01T12:24:23.157Z", "user": 1, "email": "example@example.com"}}, {"pk": 2, "model": "Laulutunkki.userprofile", "fields": {"first_name": "", "last_name": "", "created": "2014-04-01T12:38:06.403Z", "user": 2, "email": "joonas.palm@hotmail.com"}}, {"pk": 3, "model": "Laulutunkki.userprofile", "fields": {"first_name": "", "last_name": "", "created": "2014-04-01T12:38:40.844Z", "user": 3, "email": "joonas.palm@aalto.fi"}}, {"pk": 4, "model": "Laulutunkki.userprofile", "fields": {"first_name": "Lassi", "last_name": "Heikkinen", "created": "2014-04-23T11:33:56.258Z", "user": 4, "email": "lassi.heikkinen@aalto.fi"}}, {"pk": 5, "model": "Laulutunkki.userprofile", "fields": {"first_name": "Joonas", "last_name": "Nissinen", "created": "2014-05-04T18:23:50.196Z", "user": 5, "email": "joonas.nissinen@aalto.fi"}}]